"Bug ID","Product","Component","Opened","Version"
91187,"LibreOffice","Impress","2015-05-09 15:43:18","5.0.0.0.alpha0+ Master"
92483,"LibreOffice","Installation","2015-07-01 19:02:32","5.0.0.0.alpha0+ Master"
92940,"LibreOffice","Linguistic","2015-07-26 12:32:31","5.0.0.0.alpha0+ Master"
92068,"LibreOffice","Documentation","2015-06-14 20:31:14","5.0.0.0.alpha0+ Master"
94509,"LibreOffice","UI","2015-09-25 15:13:46","5.0.0.0.alpha0+ Master"
85767,"LibreOffice","UI","2014-11-02 18:00:12","5.0.0.0.alpha0+ Master"
90964,"LibreOffice","Writer","2015-04-30 13:13:59","5.0.0.0.alpha0+ Master"
90965,"LibreOffice","UI","2015-04-30 13:17:52","5.0.0.0.alpha0+ Master"
90987,"LibreOffice","Draw","2015-05-01 09:36:02","5.0.0.0.alpha0+ Master"
91158,"LibreOffice","UI","2015-05-08 11:49:28","5.0.0.0.alpha0+ Master"
91167,"LibreOffice","Writer","2015-05-08 17:25:41","5.0.0.0.alpha0+ Master"
91250,"LibreOffice","Chart","2015-05-13 05:18:29","5.0.0.0.alpha0+ Master"
91251,"LibreOffice","Calc","2015-05-13 06:01:24","5.0.0.0.alpha0+ Master"
91310,"LibreOffice","graphics stack","2015-05-15 16:53:51","5.0.0.0.alpha0+ Master"
91329,"LibreOffice","Calc","2015-05-16 18:42:47","5.0.0.0.alpha0+ Master"
91330,"LibreOffice","Chart","2015-05-16 19:00:15","5.0.0.0.alpha0+ Master"
91368,"LibreOffice","Writer","2015-05-19 00:11:47","5.0.0.0.alpha0+ Master"
91388,"LibreOffice","filters and storage","2015-05-19 12:48:10","5.0.0.0.alpha0+ Master"
91408,"LibreOffice","Writer","2015-05-20 12:19:58","5.0.0.0.alpha0+ Master"
91533,"LibreOffice","UI","2015-05-23 16:15:03","5.0.0.0.alpha0+ Master"
91632,"LibreOffice","Writer","2015-05-26 08:38:20","5.0.0.0.alpha0+ Master"
91654,"LibreOffice","Calc","2015-05-26 23:00:30","5.0.0.0.alpha0+ Master"
91691,"LibreOffice","Calc","2015-05-28 06:04:41","5.0.0.0.alpha0+ Master"
91784,"LibreOffice","Android Viewer","2015-05-31 22:05:31","5.0.0.0.alpha0+ Master"
91941,"LibreOffice","Android Viewer","2015-06-08 18:08:33","5.0.0.0.alpha0+ Master"
92079,"LibreOffice","BASIC","2015-06-15 07:20:43","5.0.0.0.alpha0+ Master"
92182,"LibreOffice","Writer","2015-06-19 12:57:57","5.0.0.0.alpha0+ Master"
93309,"LibreOffice","UI","2015-08-09 19:22:48","5.0.0.0.alpha0+ Master"
93848,"LibreOffice","Base","2015-09-02 06:42:31","5.0.0.0.alpha0+ Master"
93902,"LibreOffice","LibreOffice","2015-09-03 20:36:54","5.0.0.0.alpha0+ Master"
94117,"LibreOffice","graphics stack","2015-09-11 00:31:41","5.0.0.0.alpha0+ Master"
76570,"LibreOffice","UI","2014-03-24 20:52:25","5.0.0.0.alpha0+ Master"
94174,"LibreOffice","UI","2015-09-12 22:16:34","5.0.0.0.alpha0+ Master"
91520,"LibreOffice","UI","2015-05-23 11:55:58","5.0.0.0.alpha0+ Master"
91522,"LibreOffice","UI","2015-05-23 12:35:16","5.0.0.0.alpha0+ Master"
89884,"LibreOffice","Localization","2015-03-08 10:29:26","5.0.0.0.alpha0+ Master"
90966,"LibreOffice","Calc","2015-04-30 13:29:24","5.0.0.0.alpha0+ Master"
91012,"LibreOffice","ux-advise","2015-05-02 10:00:42","5.0.0.0.alpha0+ Master"
91130,"LibreOffice","ux-advise","2015-05-07 12:15:05","5.0.0.0.alpha0+ Master"
91197,"LibreOffice","LibreOffice","2015-05-10 10:29:59","5.0.0.0.alpha0+ Master"
91331,"LibreOffice","Chart","2015-05-16 19:05:10","5.0.0.0.alpha0+ Master"
91439,"LibreOffice","LibreOffice","2015-05-21 19:29:09","5.0.0.0.alpha0+ Master"
91441,"LibreOffice","ux-advise","2015-05-21 21:34:12","5.0.0.0.alpha0+ Master"
91508,"LibreOffice","ux-advise","2015-05-23 07:56:20","5.0.0.0.alpha0+ Master"
91806,"LibreOffice","sdk","2015-06-02 08:13:37","5.0.0.0.alpha0+ Master"
91811,"LibreOffice","Draw","2015-06-02 13:31:54","5.0.0.0.alpha0+ Master"
91827,"LibreOffice","Impress","2015-06-03 12:23:37","5.0.0.0.alpha0+ Master"
91829,"LibreOffice","ux-advise","2015-06-03 12:44:45","5.0.0.0.alpha0+ Master"
94537,"LibreOffice","Calc","2015-09-26 21:12:20","5.0.0.0.alpha0+ Master"
90830,"LibreOffice","UI","2015-04-24 11:46:53","5.0.0.0.alpha0+ Master"
91571,"LibreOffice","Writer","2015-05-24 09:31:21","5.0.0.0.alpha0+ Master"
91327,"LibreOffice","UI","2015-05-16 16:38:32","5.0.0.0.alpha0+ Master"
91870,"LibreOffice","Writer","2015-06-05 07:53:06","5.0.0.0.beta1"
93754,"LibreOffice","graphics stack","2015-08-29 00:05:08","5.0.0.0.beta1"
91473,"LibreOffice","Installation","2015-05-22 12:24:30","5.0.0.0.beta1"
91489,"LibreOffice","Calc","2015-05-22 17:27:21","5.0.0.0.beta1"
91759,"LibreOffice","Calc","2015-05-30 21:51:01","5.0.0.0.beta1"
91800,"LibreOffice","Extensions","2015-06-01 17:38:18","5.0.0.0.beta1"
91972,"LibreOffice","LibreOffice","2015-06-09 18:22:36","5.0.0.0.beta1"
91992,"LibreOffice","Documentation","2015-06-10 20:21:04","5.0.0.0.beta1"
91447,"LibreOffice","Calc","2015-05-22 07:01:21","5.0.0.0.beta1"
91449,"LibreOffice","Impress","2015-05-22 07:25:37","5.0.0.0.beta1"
91451,"LibreOffice","Writer","2015-05-22 07:59:28","5.0.0.0.beta1"
91454,"LibreOffice","Calc","2015-05-22 08:49:02","5.0.0.0.beta1"
91457,"LibreOffice","Calc","2015-05-22 09:55:54","5.0.0.0.beta1"
91466,"LibreOffice","UI","2015-05-22 11:35:05","5.0.0.0.beta1"
91470,"LibreOffice","Printing and PDF export","2015-05-22 11:59:03","5.0.0.0.beta1"
91475,"LibreOffice","Calc","2015-05-22 12:29:09","5.0.0.0.beta1"
91477,"LibreOffice","Calc","2015-05-22 12:54:31","5.0.0.0.beta1"
91488,"LibreOffice","graphics stack","2015-05-22 17:03:52","5.0.0.0.beta1"
91500,"LibreOffice","Writer","2015-05-22 20:45:42","5.0.0.0.beta1"
91504,"LibreOffice","Impress","2015-05-23 01:09:57","5.0.0.0.beta1"
91509,"LibreOffice","Writer","2015-05-23 09:40:26","5.0.0.0.beta1"
91511,"LibreOffice","UI","2015-05-23 10:20:52","5.0.0.0.beta1"
91526,"LibreOffice","Localization","2015-05-23 13:27:14","5.0.0.0.beta1"
91583,"LibreOffice","Impress","2015-05-24 17:02:04","5.0.0.0.beta1"
91615,"LibreOffice","UI","2015-05-25 13:28:43","5.0.0.0.beta1"
91618,"LibreOffice","UI","2015-05-25 16:01:14","5.0.0.0.beta1"
91643,"LibreOffice","Impress","2015-05-26 15:12:04","5.0.0.0.beta1"
91677,"LibreOffice","UI","2015-05-27 21:47:36","5.0.0.0.beta1"
91687,"LibreOffice","filters and storage","2015-05-28 05:08:48","5.0.0.0.beta1"
91706,"LibreOffice","Android Viewer","2015-05-28 19:28:02","5.0.0.0.beta1"
91747,"LibreOffice","Calc","2015-05-30 11:14:45","5.0.0.0.beta1"
91767,"LibreOffice","Formula Editor","2015-05-31 05:35:21","5.0.0.0.beta1"
91778,"LibreOffice","Calc","2015-05-31 16:00:46","5.0.0.0.beta1"
91854,"LibreOffice","filters and storage","2015-06-04 10:07:51","5.0.0.0.beta1"
91966,"LibreOffice","LibreOffice","2015-06-09 13:28:20","5.0.0.0.beta1"
91997,"LibreOffice","Calc","2015-06-11 03:18:27","5.0.0.0.beta1"
92016,"LibreOffice","BASIC","2015-06-11 22:46:43","5.0.0.0.beta1"
92052,"LibreOffice","UI","2015-06-13 22:16:17","5.0.0.0.beta1"
92072,"LibreOffice","Documentation","2015-06-14 21:44:07","5.0.0.0.beta1"
92221,"LibreOffice","Impress","2015-06-21 07:52:50","5.0.0.0.beta1"
92222,"LibreOffice","Impress","2015-06-21 08:03:53","5.0.0.0.beta1"
92223,"LibreOffice","Impress","2015-06-21 08:11:12","5.0.0.0.beta1"
92529,"LibreOffice","framework","2015-07-03 16:40:06","5.0.0.0.beta1"
92685,"LibreOffice","ux-advise","2015-07-11 16:03:50","5.0.0.0.beta1"
92785,"LibreOffice","LibreOffice","2015-07-16 12:53:44","5.0.0.0.beta1"
92817,"LibreOffice","framework","2015-07-18 19:41:35","5.0.0.0.beta1"
93529,"LibreOffice","graphics stack","2015-08-19 12:29:23","5.0.0.0.beta1"
93532,"LibreOffice","graphics stack","2015-08-19 12:46:03","5.0.0.0.beta1"
93548,"LibreOffice","framework","2015-08-20 17:58:49","5.0.0.0.beta1"
93563,"LibreOffice","graphics stack","2015-08-21 07:01:07","5.0.0.0.beta1"
93580,"LibreOffice","Documentation","2015-08-21 18:12:56","5.0.0.0.beta1"
91479,"LibreOffice","graphics stack","2015-05-22 13:22:53","5.0.0.0.beta1"
91494,"LibreOffice","Writer","2015-05-22 19:08:43","5.0.0.0.beta1"
91519,"LibreOffice","Writer","2015-05-23 11:53:51","5.0.0.0.beta1"
91660,"LibreOffice","Writer","2015-05-27 08:21:33","5.0.0.0.beta1"
91749,"LibreOffice","Writer","2015-05-30 11:36:44","5.0.0.0.beta1"
92015,"LibreOffice","Writer","2015-06-11 19:47:18","5.0.0.0.beta1"
92023,"LibreOffice","Writer","2015-06-12 08:34:19","5.0.0.0.beta1"
94520,"LibreOffice","Calc","2015-09-26 05:55:05","5.0.0.0.beta1"
91476,"LibreOffice","Calc","2015-05-22 12:44:17","5.0.0.0.beta1"
91530,"LibreOffice","Writer","2015-05-23 15:19:10","5.0.0.0.beta1"
91539,"LibreOffice","Writer","2015-05-23 18:41:28","5.0.0.0.beta1"
91541,"LibreOffice","UI","2015-05-23 18:57:18","5.0.0.0.beta1"
91548,"LibreOffice","Calc","2015-05-23 21:20:57","5.0.0.0.beta1"
91550,"LibreOffice","UI","2015-05-23 21:42:23","5.0.0.0.beta1"
91566,"LibreOffice","Calc","2015-05-24 07:07:45","5.0.0.0.beta1"
92083,"LibreOffice","Impress","2015-06-15 09:57:12","5.0.0.0.beta1"
92774,"LibreOffice","Linguistic","2015-07-15 20:13:19","5.0.0.0.beta2"
93748,"LibreOffice","LibreOffice","2015-08-28 14:44:43","5.0.0.0.beta2"
92214,"LibreOffice","Calc","2015-06-20 18:15:32","5.0.0.0.beta3"
92837,"LibreOffice","Calc","2015-07-20 06:47:37","5.0.0.0.beta3"
92199,"LibreOffice","BASIC","2015-06-20 06:32:51","5.0.0.0.beta3"
92296,"LibreOffice","Calc","2015-06-24 08:13:02","5.0.0.0.beta3"
92058,"LibreOffice","Impress","2015-06-14 07:42:52","5.0.0.0.beta3"
92067,"LibreOffice","Writer","2015-06-14 19:21:08","5.0.0.0.beta3"
92111,"LibreOffice","Draw","2015-06-16 12:45:12","5.0.0.0.beta3"
92113,"LibreOffice","UI","2015-06-16 13:12:24","5.0.0.0.beta3"
92184,"LibreOffice","Impress","2015-06-19 13:33:55","5.0.0.0.beta3"
92193,"LibreOffice","Calc","2015-06-19 21:20:04","5.0.0.0.beta3"
92196,"LibreOffice","Writer","2015-06-20 04:24:39","5.0.0.0.beta3"
92197,"LibreOffice","Calc","2015-06-20 05:18:48","5.0.0.0.beta3"
92200,"LibreOffice","LibreOffice","2015-06-20 07:13:53","5.0.0.0.beta3"
92203,"LibreOffice","Base","2015-06-20 08:15:05","5.0.0.0.beta3"
92204,"LibreOffice","Writer","2015-06-20 08:52:28","5.0.0.0.beta3"
92228,"LibreOffice","Writer","2015-06-21 14:24:06","5.0.0.0.beta3"
92229,"LibreOffice","Calc","2015-06-21 14:38:34","5.0.0.0.beta3"
92239,"LibreOffice","Draw","2015-06-22 06:33:33","5.0.0.0.beta3"
92417,"LibreOffice","UI","2015-06-29 09:18:05","5.0.0.0.beta3"
92424,"LibreOffice","UI","2015-06-29 11:50:07","5.0.0.0.beta3"
92519,"LibreOffice","Writer","2015-07-03 10:16:44","5.0.0.0.beta3"
92952,"LibreOffice","UI","2015-07-27 08:34:39","5.0.0.0.beta3"
95309,"LibreOffice","LibreOffice","2015-10-24 22:31:54","5.0.0.0.beta3"
92299,"LibreOffice","Impress","2015-06-24 09:32:27","5.0.0.0.beta3"
92306,"LibreOffice","filters and storage","2015-06-24 13:00:32","5.0.0.1 rc"
93565,"LibreOffice","Writer","2015-08-21 08:06:44","5.0.0.1 rc"
93831,"LibreOffice","Calc","2015-09-01 08:24:32","5.0.0.1 rc"
92114,"LibreOffice","UI","2015-06-16 13:13:06","5.0.0.1 rc"
92245,"LibreOffice","Installation","2015-06-22 10:20:51","5.0.0.1 rc"
92248,"LibreOffice","UI","2015-06-22 11:46:42","5.0.0.1 rc"
92272,"LibreOffice","Impress","2015-06-23 08:54:22","5.0.0.1 rc"
92276,"LibreOffice","LibreOffice","2015-06-23 14:11:54","5.0.0.1 rc"
92283,"LibreOffice","Draw","2015-06-23 17:27:42","5.0.0.1 rc"
92339,"LibreOffice","Writer","2015-06-25 19:59:51","5.0.0.1 rc"
92380,"LibreOffice","Writer","2015-06-27 11:12:37","5.0.0.1 rc"
92381,"LibreOffice","Localization","2015-06-27 11:20:25","5.0.0.1 rc"
92394,"LibreOffice","Formula Editor","2015-06-28 06:34:41","5.0.0.1 rc"
92403,"LibreOffice","UI","2015-06-28 12:29:10","5.0.0.1 rc"
92134,"LibreOffice","graphics stack","2015-06-17 08:51:01","5.0.0.1 rc"
92297,"LibreOffice","UI","2015-06-24 08:39:05","5.0.0.1 rc"
90572,"LibreOffice","UI","2015-04-11 22:43:08","5.0.0.1 rc"
92416,"LibreOffice","ux-advise","2015-06-29 09:01:57","5.0.0.1 rc"
94171,"LibreOffice","ux-advise","2015-09-12 21:01:26","5.0.0.1 rc"
92373,"LibreOffice","Formula Editor","2015-06-27 09:32:02","5.0.0.1 rc"
92405,"LibreOffice","Formula Editor","2015-06-28 13:03:52","5.0.0.1 rc"
92478,"LibreOffice","Writer","2015-07-01 12:35:50","5.0.0.2 rc"
92527,"LibreOffice","LibreOffice","2015-07-03 15:21:00","5.0.0.2 rc"
92444,"LibreOffice","Writer","2015-06-30 08:20:11","5.0.0.2 rc"
92473,"LibreOffice","LibreOffice","2015-07-01 09:12:27","5.0.0.2 rc"
92525,"LibreOffice","LibreOffice","2015-07-03 14:16:41","5.0.0.2 rc"
92526,"LibreOffice","LibreOffice","2015-07-03 15:09:44","5.0.0.2 rc"
92648,"LibreOffice","Writer","2015-07-09 08:47:21","5.0.0.2 rc"
92669,"LibreOffice","Writer","2015-07-10 08:53:51","5.0.0.2 rc"
94636,"LibreOffice","Writer","2015-09-30 09:30:40","5.0.0.2 rc"
95274,"LibreOffice","ux-advise","2015-10-23 10:29:39","5.0.0.2 rc"
89122,"LibreOffice","Calc","2015-02-04 14:18:42","5.0.0.2 rc"
92601,"LibreOffice","Writer","2015-07-07 16:30:33","5.0.0.2 rc"
94474,"LibreOffice","Writer","2015-09-23 18:09:09","5.0.0.2 rc"
94872,"LibreOffice","Calc","2015-10-07 23:21:16","5.0.0.2 rc"
92710,"LibreOffice","LibreOffice","2015-07-13 17:52:59","5.0.0.3 rc"
92853,"LibreOffice","Calc","2015-07-21 10:17:26","5.0.0.3 rc"
92720,"LibreOffice","Base","2015-07-14 06:15:32","5.0.0.3 rc"
92917,"LibreOffice","Impress","2015-07-24 16:16:35","5.0.0.3 rc"
92734,"LibreOffice","Impress","2015-07-14 14:31:00","5.0.0.3 rc"
92803,"LibreOffice","LibreOffice","2015-07-17 13:26:34","5.0.0.3 rc"
92871,"LibreOffice","Printing and PDF export","2015-07-22 12:44:32","5.0.0.3 rc"
60360,"LibreOffice","Writer","2013-02-06 10:02:52","5.0.0.3 rc"
92766,"LibreOffice","Base","2015-07-15 15:06:58","5.0.0.3 rc"
92784,"LibreOffice","Base","2015-07-16 12:00:19","5.0.0.3 rc"
92813,"LibreOffice","Calc","2015-07-18 18:05:56","5.0.0.3 rc"
92849,"LibreOffice","Printing and PDF export","2015-07-21 01:54:41","5.0.0.3 rc"
92888,"LibreOffice","UI","2015-07-23 10:33:35","5.0.0.3 rc"
92890,"LibreOffice","UI","2015-07-23 11:25:40","5.0.0.3 rc"
93083,"LibreOffice","Installation","2015-08-02 21:49:04","5.0.0.3 rc"
93085,"LibreOffice","UI","2015-08-02 23:37:51","5.0.0.3 rc"
94138,"LibreOffice","Printing and PDF export","2015-09-11 17:31:49","5.0.0.3 rc"
92873,"LibreOffice","Draw","2015-07-22 16:04:51","5.0.0.3 rc"
92903,"LibreOffice","Base","2015-07-24 02:56:06","5.0.0.3 rc"
92717,"LibreOffice","Impress","2015-07-14 04:06:15","5.0.0.3 rc"
92733,"LibreOffice","LibreOffice","2015-07-14 14:26:49","5.0.0.3 rc"
92779,"LibreOffice","Calc","2015-07-16 02:34:33","5.0.0.3 rc"
92838,"LibreOffice","LibreOffice","2015-07-20 07:03:01","5.0.0.3 rc"
93178,"LibreOffice","ux-advise","2015-08-06 07:25:01","5.0.0.3 rc"
93244,"LibreOffice","ux-advise","2015-08-07 14:35:19","5.0.0.3 rc"
92814,"LibreOffice","Calc","2015-07-18 18:15:15","5.0.0.3 rc"
93001,"LibreOffice","Chart","2015-07-29 14:59:38","5.0.0.4 rc"
93009,"LibreOffice","Writer","2015-07-29 19:59:41","5.0.0.4 rc"
92954,"LibreOffice","LibreOffice","2015-07-27 09:11:08","5.0.0.4 rc"
93092,"LibreOffice","LibreOffice","2015-08-03 07:37:07","5.0.0.4 rc"
93115,"LibreOffice","Calc","2015-08-04 07:47:24","5.0.0.4 rc"
92951,"LibreOffice","ux-advise","2015-07-27 08:33:47","5.0.0.4 rc"
93005,"LibreOffice","Chart","2015-07-29 16:51:39","5.0.0.4 rc"
93061,"LibreOffice","ux-advise","2015-08-01 14:25:50","5.0.0.4 rc"
93078,"LibreOffice","Installation","2015-08-02 12:27:26","5.0.0.4 rc"
93093,"LibreOffice","Writer","2015-08-03 08:39:49","5.0.0.4 rc"
93479,"LibreOffice","Writer","2015-08-17 06:08:03","5.0.0.4 rc"
93641,"LibreOffice","Writer","2015-08-25 00:18:28","5.0.0.4 rc"
95352,"LibreOffice","UI","2015-10-27 06:47:02","5.0.0.4 rc"
93087,"LibreOffice","ux-advise","2015-08-03 02:29:11","5.0.0.4 rc"
93089,"LibreOffice","Impress","2015-08-03 02:38:48","5.0.0.4 rc"
93090,"LibreOffice","Writer","2015-08-03 05:13:04","5.0.0.4 rc"
93099,"LibreOffice","UI","2015-08-03 13:53:32","5.0.0.4 rc"
93091,"LibreOffice","LibreOffice","2015-08-03 05:20:54","5.0.0.4 rc"
93039,"LibreOffice","LibreOffice","2015-07-30 23:56:19","5.0.0.4 rc"
93263,"LibreOffice","Calc","2015-08-08 06:39:28","5.0.0.5 release"
93491,"LibreOffice","LibreOffice","2015-08-17 19:41:37","5.0.0.5 release"
93145,"LibreOffice","LibreOffice","2015-08-05 14:17:08","5.0.0.5 release"
93348,"LibreOffice","Base","2015-08-11 09:33:31","5.0.0.5 release"
93396,"LibreOffice","Base","2015-08-12 20:08:46","5.0.0.5 release"
93719,"LibreOffice","Writer","2015-08-27 19:23:42","5.0.0.5 release"
47615,"LibreOffice","Writer","2012-03-20 14:37:50","5.0.0.5 release"
93156,"LibreOffice","Draw","2015-08-05 20:07:10","5.0.0.5 release"
93341,"LibreOffice","Calc","2015-08-11 03:20:41","5.0.0.5 release"
93151,"LibreOffice","Calc","2015-08-05 16:41:05","5.0.0.5 release"
93164,"LibreOffice","Impress","2015-08-05 23:56:42","5.0.0.5 release"
93196,"LibreOffice","Calc","2015-08-06 13:36:23","5.0.0.5 release"
93343,"LibreOffice","Calc","2015-08-11 07:00:24","5.0.0.5 release"
93355,"LibreOffice","Installation","2015-08-11 13:21:22","5.0.0.5 release"
93409,"LibreOffice","Calc","2015-08-13 12:40:06","5.0.0.5 release"
93426,"LibreOffice","Calc","2015-08-14 13:59:11","5.0.0.5 release"
93525,"LibreOffice","Writer","2015-08-19 09:22:15","5.0.0.5 release"
93552,"LibreOffice","Base","2015-08-20 21:58:17","5.0.0.5 release"
94046,"LibreOffice","Writer","2015-09-09 06:48:23","5.0.0.5 release"
94460,"LibreOffice","sdk","2015-09-23 10:26:56","5.0.0.5 release"
92915,"LibreOffice","Calc","2015-07-24 13:20:09","5.0.0.5 release"
93076,"LibreOffice","LibreOffice","2015-08-02 10:41:20","5.0.0.5 release"
93169,"LibreOffice","Installation","2015-08-06 02:17:59","5.0.0.5 release"
93221,"LibreOffice","Calc","2015-08-07 03:17:00","5.0.0.5 release"
93225,"LibreOffice","ux-advise","2015-08-07 08:16:18","5.0.0.5 release"
93277,"LibreOffice","Writer","2015-08-08 14:58:53","5.0.0.5 release"
93296,"LibreOffice","Calc","2015-08-09 11:22:44","5.0.0.5 release"
93368,"LibreOffice","Calc","2015-08-11 18:20:04","5.0.0.5 release"
93377,"LibreOffice","Calc","2015-08-12 03:48:11","5.0.0.5 release"
93450,"LibreOffice","Impress","2015-08-15 11:39:53","5.0.0.5 release"
93464,"LibreOffice","Writer","2015-08-16 13:09:35","5.0.0.5 release"
93493,"LibreOffice","Writer","2015-08-17 19:52:59","5.0.0.5 release"
93521,"LibreOffice","Writer","2015-08-19 03:39:33","5.0.0.5 release"
93537,"LibreOffice","graphics stack","2015-08-19 18:07:08","5.0.0.5 release"
93540,"LibreOffice","Draw","2015-08-20 08:32:42","5.0.0.5 release"
93653,"LibreOffice","Calc","2015-08-25 13:52:22","5.0.0.5 release"
93706,"LibreOffice","Calc","2015-08-27 10:54:44","5.0.0.5 release"
93723,"LibreOffice","UI","2015-08-27 23:16:48","5.0.0.5 release"
93759,"LibreOffice","UI","2015-08-29 07:01:13","5.0.0.5 release"
93817,"LibreOffice","Writer","2015-08-31 18:35:04","5.0.0.5 release"
93843,"LibreOffice","Writer","2015-09-01 21:00:12","5.0.0.5 release"
93959,"LibreOffice","Calc","2015-09-06 02:39:29","5.0.0.5 release"
93992,"LibreOffice","Localization","2015-09-07 14:26:48","5.0.0.5 release"
94109,"LibreOffice","Writer","2015-09-10 20:58:06","5.0.0.5 release"
94146,"LibreOffice","Calc","2015-09-11 21:15:15","5.0.0.5 release"
39894,"LibreOffice","Writer","2011-08-07 01:10:16","5.0.0.5 release"
71098,"LibreOffice","Writer","2013-10-31 16:52:40","5.0.0.5 release"
79553,"LibreOffice","Writer","2014-06-02 14:10:04","5.0.0.5 release"
79738,"LibreOffice","Writer","2014-06-06 18:39:33","5.0.0.5 release"
83378,"LibreOffice","Writer","2014-09-01 23:00:01","5.0.0.5 release"
89985,"LibreOffice","Impress","2015-03-13 10:40:16","5.0.0.5 release"
91436,"LibreOffice","Impress","2015-05-21 16:46:26","5.0.0.5 release"
93109,"LibreOffice","Installation","2015-08-03 22:49:18","5.0.0.5 release"
93142,"LibreOffice","LibreOffice","2015-08-05 13:43:53","5.0.0.5 release"
93153,"LibreOffice","Writer","2015-08-05 18:00:39","5.0.0.5 release"
93159,"LibreOffice","Writer","2015-08-05 21:40:29","5.0.0.5 release"
93172,"LibreOffice","UI","2015-08-06 04:09:46","5.0.0.5 release"
93174,"LibreOffice","LibreOffice","2015-08-06 04:47:16","5.0.0.5 release"
93185,"LibreOffice","Base","2015-08-06 08:36:11","5.0.0.5 release"
93191,"LibreOffice","Calc","2015-08-06 12:04:05","5.0.0.5 release"
93192,"LibreOffice","UI","2015-08-06 12:13:28","5.0.0.5 release"
93212,"LibreOffice","Draw","2015-08-06 19:43:54","5.0.0.5 release"
93224,"LibreOffice","Writer","2015-08-07 07:52:27","5.0.0.5 release"
93226,"LibreOffice","Installation","2015-08-07 08:23:13","5.0.0.5 release"
93229,"LibreOffice","Writer","2015-08-07 09:47:35","5.0.0.5 release"
93234,"LibreOffice","Writer","2015-08-07 11:49:01","5.0.0.5 release"
93236,"LibreOffice","Writer","2015-08-07 13:17:53","5.0.0.5 release"
93237,"LibreOffice","LibreOffice","2015-08-07 13:18:19","5.0.0.5 release"
93242,"LibreOffice","Writer","2015-08-07 14:06:47","5.0.0.5 release"
93267,"LibreOffice","Writer","2015-08-08 08:49:51","5.0.0.5 release"
93278,"LibreOffice","Calc","2015-08-08 15:19:22","5.0.0.5 release"
93279,"LibreOffice","Installation","2015-08-08 16:12:21","5.0.0.5 release"
93294,"LibreOffice","Base","2015-08-09 09:46:43","5.0.0.5 release"
93304,"LibreOffice","Installation","2015-08-09 17:09:09","5.0.0.5 release"
93328,"LibreOffice","Calc","2015-08-10 15:22:56","5.0.0.5 release"
93331,"LibreOffice","LibreOffice","2015-08-10 17:44:24","5.0.0.5 release"
93334,"LibreOffice","Calc","2015-08-10 19:24:57","5.0.0.5 release"
93342,"LibreOffice","Writer","2015-08-11 06:35:37","5.0.0.5 release"
93372,"LibreOffice","Base","2015-08-11 19:49:37","5.0.0.5 release"
93373,"LibreOffice","UI","2015-08-11 20:37:40","5.0.0.5 release"
93441,"LibreOffice","Writer","2015-08-15 08:19:30","5.0.0.5 release"
93460,"LibreOffice","Writer","2015-08-16 01:53:12","5.0.0.5 release"
93473,"LibreOffice","Writer","2015-08-16 21:40:12","5.0.0.5 release"
93502,"LibreOffice","Installation","2015-08-18 06:25:48","5.0.0.5 release"
93515,"LibreOffice","Writer","2015-08-18 17:37:48","5.0.0.5 release"
93519,"LibreOffice","Impress","2015-08-18 22:35:47","5.0.0.5 release"
93541,"LibreOffice","Draw","2015-08-20 08:35:52","5.0.0.5 release"
93564,"LibreOffice","Draw","2015-08-21 08:06:20","5.0.0.5 release"
93567,"LibreOffice","Writer","2015-08-21 08:08:45","5.0.0.5 release"
93582,"LibreOffice","Writer","2015-08-21 19:02:02","5.0.0.5 release"
93599,"LibreOffice","UI","2015-08-23 16:06:27","5.0.0.5 release"
93607,"LibreOffice","Writer","2015-08-23 18:37:19","5.0.0.5 release"
93628,"LibreOffice","Writer","2015-08-24 16:12:27","5.0.0.5 release"
93661,"LibreOffice","Writer","2015-08-25 15:41:24","5.0.0.5 release"
93664,"LibreOffice","Calc","2015-08-25 17:42:58","5.0.0.5 release"
93669,"LibreOffice","Writer","2015-08-25 23:16:21","5.0.0.5 release"
93681,"LibreOffice","Impress","2015-08-26 15:00:40","5.0.0.5 release"
93687,"LibreOffice","Calc","2015-08-26 16:44:40","5.0.0.5 release"
93693,"LibreOffice","LibreOffice","2015-08-27 00:43:54","5.0.0.5 release"
93699,"LibreOffice","Calc","2015-08-27 05:29:18","5.0.0.5 release"
93703,"LibreOffice","filters and storage","2015-08-27 09:17:24","5.0.0.5 release"
93732,"LibreOffice","UI","2015-08-28 09:14:54","5.0.0.5 release"
93752,"LibreOffice","Writer","2015-08-28 21:54:18","5.0.0.5 release"
93793,"LibreOffice","LibreOffice","2015-08-31 06:58:51","5.0.0.5 release"
93800,"LibreOffice","LibreOffice","2015-08-31 10:25:32","5.0.0.5 release"
93802,"LibreOffice","Base","2015-08-31 11:11:13","5.0.0.5 release"
93803,"LibreOffice","LibreOffice","2015-08-31 11:46:27","5.0.0.5 release"
93808,"LibreOffice","Base","2015-08-31 13:52:45","5.0.0.5 release"
93834,"LibreOffice","Calc","2015-09-01 10:04:09","5.0.0.5 release"
93854,"LibreOffice","ux-advise","2015-09-02 10:30:54","5.0.0.5 release"
93856,"LibreOffice","Impress","2015-09-02 11:30:16","5.0.0.5 release"
93864,"LibreOffice","Chart","2015-09-02 17:41:21","5.0.0.5 release"
93866,"LibreOffice","UI","2015-09-02 18:21:43","5.0.0.5 release"
93927,"LibreOffice","Base","2015-09-04 15:58:12","5.0.0.5 release"
93930,"LibreOffice","Writer","2015-09-04 21:08:01","5.0.0.5 release"
93931,"LibreOffice","Writer","2015-09-04 21:14:20","5.0.0.5 release"
93964,"LibreOffice","Calc","2015-09-06 08:09:02","5.0.0.5 release"
93968,"LibreOffice","Writer","2015-09-06 12:42:28","5.0.0.5 release"
93969,"LibreOffice","LibreOffice","2015-09-06 14:39:37","5.0.0.5 release"
94062,"LibreOffice","UI","2015-09-09 15:10:44","5.0.0.5 release"
94102,"LibreOffice","Impress","2015-09-10 16:35:13","5.0.0.5 release"
94254,"LibreOffice","Chart","2015-09-16 04:38:59","5.0.0.5 release"
94302,"LibreOffice","LibreOffice","2015-09-17 06:53:40","5.0.0.5 release"
94342,"LibreOffice","Printing and PDF export","2015-09-18 15:24:16","5.0.0.5 release"
94355,"LibreOffice","Base","2015-09-19 12:34:51","5.0.0.5 release"
94463,"LibreOffice","Writer","2015-09-23 12:34:17","5.0.0.5 release"
94493,"LibreOffice","Writer","2015-09-24 18:27:26","5.0.0.5 release"
94553,"LibreOffice","Documentation","2015-09-27 17:28:33","5.0.0.5 release"
94653,"LibreOffice","Calc","2015-09-30 20:27:53","5.0.0.5 release"
94666,"LibreOffice","UI","2015-10-01 12:20:28","5.0.0.5 release"
94839,"LibreOffice","LibreOffice","2015-10-07 02:58:22","5.0.0.5 release"
94895,"LibreOffice","Base","2015-10-08 20:35:05","5.0.0.5 release"
94902,"LibreOffice","Calc","2015-10-09 05:08:01","5.0.0.5 release"
95183,"LibreOffice","Installation","2015-10-19 17:08:23","5.0.0.5 release"
95184,"LibreOffice","Installation","2015-10-19 17:32:57","5.0.0.5 release"
95369,"LibreOffice","Writer","2015-10-27 18:26:37","5.0.0.5 release"
93128,"LibreOffice","Calc","2015-08-05 04:44:07","5.0.0.5 release"
93175,"LibreOffice","UI","2015-08-06 05:00:06","5.0.0.5 release"
93249,"LibreOffice","Writer","2015-08-07 17:16:06","5.0.0.5 release"
93252,"LibreOffice","Writer","2015-08-07 19:01:04","5.0.0.5 release"
93320,"LibreOffice","Writer","2015-08-10 10:33:08","5.0.0.5 release"
93380,"LibreOffice","Impress","2015-08-12 07:58:12","5.0.0.5 release"
93526,"LibreOffice","Writer","2015-08-19 09:47:14","5.0.0.5 release"
93555,"LibreOffice","UI","2015-08-21 03:02:49","5.0.0.5 release"
93630,"LibreOffice","framework","2015-08-24 19:12:21","5.0.0.5 release"
93734,"LibreOffice","Calc","2015-08-28 09:46:18","5.0.0.5 release"
93773,"LibreOffice","UI","2015-08-29 23:52:48","5.0.0.5 release"
93855,"LibreOffice","Impress","2015-09-02 10:47:17","5.0.0.5 release"
94714,"LibreOffice","LibreOffice","2015-10-02 22:58:40","5.0.0.5 release"
94734,"LibreOffice","Writer","2015-10-03 14:35:44","5.0.0.5 release"
93399,"LibreOffice","Calc","2015-08-12 20:34:11","5.0.0.5 release"
93738,"LibreOffice","LibreOffice","2015-08-28 11:16:16","5.0.0.5 release"
93162,"LibreOffice","Calc","2015-08-05 23:24:32","5.0.0.5 release"
93208,"LibreOffice","UI","2015-08-06 17:02:39","5.0.0.5 release"
93291,"LibreOffice","Chart","2015-08-09 06:39:29","5.0.0.5 release"
93298,"LibreOffice","Calc","2015-08-09 12:50:58","5.0.0.5 release"
93395,"LibreOffice","Writer","2015-08-12 18:27:05","5.0.0.5 release"
93561,"LibreOffice","LibreOffice","2015-08-21 05:20:59","5.0.0.5 release"
93612,"LibreOffice","UI","2015-08-24 06:48:33","5.0.0.5 release"
93623,"LibreOffice","BASIC","2015-08-24 14:07:09","5.0.0.5 release"
93692,"LibreOffice","ux-advise","2015-08-26 23:17:16","5.0.0.5 release"
93811,"LibreOffice","Writer","2015-08-31 15:31:23","5.0.0.5 release"
93911,"LibreOffice","ux-advise","2015-09-04 05:49:39","5.0.0.5 release"
94172,"LibreOffice","UI","2015-09-12 21:26:33","5.0.0.5 release"
94977,"LibreOffice","ux-advise","2015-10-12 10:10:56","5.0.0.5 release"
95062,"LibreOffice","ux-advise","2015-10-14 16:30:28","5.0.0.5 release"
95229,"LibreOffice","ux-advise","2015-10-21 14:57:31","5.0.0.5 release"
95264,"LibreOffice","Calc","2015-10-23 03:16:59","5.0.0.5 release"
93292,"LibreOffice","UI","2015-08-09 07:33:54","5.0.0.5 release"
93442,"LibreOffice","UI","2015-08-15 08:38:01","5.0.0.5 release"
93574,"LibreOffice","Writer","2015-08-21 12:33:44","5.0.0.5 release"
93622,"LibreOffice","Impress","2015-08-24 14:04:00","5.0.0.5 release"
93578,"LibreOffice","UI","2015-08-21 16:23:58","5.0.0.5 release"
95406,"LibreOffice","Calc","2015-10-29 01:17:40","5.0.0.5 release"
93420,"LibreOffice","Writer","2015-08-13 23:21:32","5.0.0.5 release"
93027,"LibreOffice","filters and storage","2015-07-30 12:07:12","5.0.0.5 release"
93878,"LibreOffice","Calc","2015-09-03 07:59:25","5.0.1.1 rc"
93371,"LibreOffice","Calc","2015-08-11 19:41:28","5.0.1.1 rc"
91789,"LibreOffice","Writer","2015-06-01 09:56:50","5.0.1.2 release"
94063,"LibreOffice","Writer","2015-09-09 15:39:05","5.0.1.2 release"
94216,"LibreOffice","Installation","2015-09-14 18:37:29","5.0.1.2 release"
94069,"LibreOffice","Base","2015-09-09 18:41:48","5.0.1.2 release"
94313,"LibreOffice","Chart","2015-09-17 15:45:18","5.0.1.2 release"
94392,"LibreOffice","Impress","2015-09-21 03:31:51","5.0.1.2 release"
93885,"LibreOffice","UI","2015-09-03 09:58:34","5.0.1.2 release"
93993,"LibreOffice","ux-advise","2015-09-07 14:30:46","5.0.1.2 release"
94035,"LibreOffice","Writer","2015-09-08 16:37:10","5.0.1.2 release"
94341,"LibreOffice","Base","2015-09-18 14:26:26","5.0.1.2 release"
94066,"LibreOffice","Writer","2015-09-09 17:17:36","5.0.1.2 release"
94890,"LibreOffice","Writer","2015-10-08 18:01:27","5.0.1.2 release"
94193,"LibreOffice","Installation","2015-09-13 17:24:11","5.0.1.2 release"
93868,"LibreOffice","Impress","2015-09-02 21:03:19","5.0.1.2 release"
93999,"LibreOffice","Draw","2015-09-07 18:08:31","5.0.1.2 release"
94033,"LibreOffice","Calc","2015-09-08 15:40:08","5.0.1.2 release"
94145,"LibreOffice","Writer","2015-09-11 20:52:21","5.0.1.2 release"
94212,"LibreOffice","Writer","2015-09-14 16:47:41","5.0.1.2 release"
94286,"LibreOffice","LibreOffice","2015-09-16 20:28:19","5.0.1.2 release"
94328,"LibreOffice","Writer","2015-09-17 20:53:34","5.0.1.2 release"
94334,"LibreOffice","Writer","2015-09-18 07:25:21","5.0.1.2 release"
94359,"LibreOffice","Writer","2015-09-19 15:14:52","5.0.1.2 release"
94360,"LibreOffice","Writer","2015-09-19 15:16:40","5.0.1.2 release"
94406,"LibreOffice","Writer","2015-09-21 11:44:03","5.0.1.2 release"
94511,"LibreOffice","LibreOffice","2015-09-25 18:37:56","5.0.1.2 release"
94603,"LibreOffice","BASIC","2015-09-29 10:22:20","5.0.1.2 release"
93543,"LibreOffice","Writer","2015-08-20 09:26:04","5.0.1.2 release"
93766,"LibreOffice","Calc","2015-08-29 18:19:47","5.0.1.2 release"
93858,"LibreOffice","Calc","2015-09-02 13:33:33","5.0.1.2 release"
93862,"LibreOffice","LibreOffice","2015-09-02 17:22:59","5.0.1.2 release"
93869,"LibreOffice","Writer","2015-09-02 21:33:52","5.0.1.2 release"
93912,"LibreOffice","sdk","2015-09-04 06:35:10","5.0.1.2 release"
94081,"LibreOffice","Writer","2015-09-09 23:53:55","5.0.1.2 release"
94094,"LibreOffice","Calc","2015-09-10 13:00:38","5.0.1.2 release"
94115,"LibreOffice","Writer","2015-09-10 22:16:08","5.0.1.2 release"
94184,"LibreOffice","Writer","2015-09-13 11:23:14","5.0.1.2 release"
94189,"LibreOffice","Base","2015-09-13 14:46:54","5.0.1.2 release"
94280,"LibreOffice","Printing and PDF export","2015-09-16 14:53:56","5.0.1.2 release"
94310,"LibreOffice","Calc","2015-09-17 13:42:12","5.0.1.2 release"
94367,"LibreOffice","Calc","2015-09-20 00:42:16","5.0.1.2 release"
94380,"LibreOffice","Writer","2015-09-20 13:51:36","5.0.1.2 release"
94437,"LibreOffice","Writer","2015-09-22 09:41:24","5.0.1.2 release"
94549,"LibreOffice","LibreOffice","2015-09-27 13:30:47","5.0.1.2 release"
94677,"LibreOffice","Calc","2015-10-01 18:50:39","5.0.1.2 release"
94842,"LibreOffice","Writer","2015-10-07 04:25:46","5.0.1.2 release"
89511,"LibreOffice","Calc","2015-02-20 22:04:53","5.0.1.2 release"
93247,"LibreOffice","Impress","2015-08-07 15:14:57","5.0.1.2 release"
93327,"LibreOffice","UI","2015-08-10 15:14:28","5.0.1.2 release"
93674,"LibreOffice","Calc","2015-08-26 08:33:48","5.0.1.2 release"
93684,"LibreOffice","graphics stack","2015-08-26 15:53:42","5.0.1.2 release"
93716,"LibreOffice","filters and storage","2015-08-27 15:31:47","5.0.1.2 release"
93727,"LibreOffice","BASIC","2015-08-28 04:54:07","5.0.1.2 release"
93756,"LibreOffice","Writer","2015-08-29 05:51:24","5.0.1.2 release"
93777,"LibreOffice","Draw","2015-08-30 01:39:11","5.0.1.2 release"
93779,"LibreOffice","Writer","2015-08-30 09:39:41","5.0.1.2 release"
93789,"LibreOffice","Impress","2015-08-30 22:11:28","5.0.1.2 release"
93810,"LibreOffice","Base","2015-08-31 15:24:27","5.0.1.2 release"
93833,"LibreOffice","Writer","2015-09-01 09:13:03","5.0.1.2 release"
93846,"LibreOffice","Linguistic","2015-09-02 01:16:35","5.0.1.2 release"
93847,"LibreOffice","UI","2015-09-02 04:05:51","5.0.1.2 release"
93883,"LibreOffice","Impress","2015-09-03 09:24:58","5.0.1.2 release"
93886,"LibreOffice","Writer","2015-09-03 10:57:21","5.0.1.2 release"
93907,"LibreOffice","Writer","2015-09-03 22:53:48","5.0.1.2 release"
93910,"LibreOffice","Writer","2015-09-03 23:54:56","5.0.1.2 release"
93925,"LibreOffice","Printing and PDF export","2015-09-04 15:43:01","5.0.1.2 release"
93951,"LibreOffice","Calc","2015-09-05 19:38:09","5.0.1.2 release"
93977,"LibreOffice","LibreOffice","2015-09-07 04:10:16","5.0.1.2 release"
93981,"LibreOffice","Documentation","2015-09-07 08:32:09","5.0.1.2 release"
93982,"LibreOffice","Documentation","2015-09-07 08:34:44","5.0.1.2 release"
93988,"LibreOffice","Writer","2015-09-07 12:15:26","5.0.1.2 release"
93998,"LibreOffice","BASIC","2015-09-07 17:40:08","5.0.1.2 release"
94038,"LibreOffice","Impress","2015-09-08 21:51:52","5.0.1.2 release"
94039,"LibreOffice","Impress","2015-09-08 22:19:59","5.0.1.2 release"
94068,"LibreOffice","Installation","2015-09-09 17:46:10","5.0.1.2 release"
94089,"LibreOffice","Writer","2015-09-10 08:39:26","5.0.1.2 release"
94096,"LibreOffice","Writer","2015-09-10 13:20:33","5.0.1.2 release"
94098,"LibreOffice","Draw","2015-09-10 14:37:07","5.0.1.2 release"
94099,"LibreOffice","Calc","2015-09-10 14:43:25","5.0.1.2 release"
94107,"LibreOffice","Writer","2015-09-10 19:24:59","5.0.1.2 release"
94112,"LibreOffice","UI","2015-09-10 21:43:45","5.0.1.2 release"
94114,"LibreOffice","UI","2015-09-10 22:15:16","5.0.1.2 release"
94120,"LibreOffice","Writer","2015-09-11 03:50:05","5.0.1.2 release"
94126,"LibreOffice","Writer","2015-09-11 09:15:33","5.0.1.2 release"
94127,"LibreOffice","Writer","2015-09-11 09:37:34","5.0.1.2 release"
94131,"LibreOffice","UI","2015-09-11 13:24:33","5.0.1.2 release"
94134,"LibreOffice","Draw","2015-09-11 15:52:48","5.0.1.2 release"
94147,"LibreOffice","Draw","2015-09-11 22:02:51","5.0.1.2 release"
94163,"LibreOffice","Writer","2015-09-12 15:09:14","5.0.1.2 release"
94179,"LibreOffice","Calc","2015-09-13 06:40:36","5.0.1.2 release"
94182,"LibreOffice","Writer","2015-09-13 09:25:17","5.0.1.2 release"
94186,"LibreOffice","Calc","2015-09-13 12:52:45","5.0.1.2 release"
94188,"LibreOffice","Calc","2015-09-13 14:00:43","5.0.1.2 release"
94192,"LibreOffice","ux-advise","2015-09-13 16:18:58","5.0.1.2 release"
94239,"LibreOffice","Printing and PDF export","2015-09-15 09:56:17","5.0.1.2 release"
94265,"LibreOffice","sdk","2015-09-16 10:11:51","5.0.1.2 release"
94266,"LibreOffice","Calc","2015-09-16 10:24:16","5.0.1.2 release"
94267,"LibreOffice","Chart","2015-09-16 10:32:31","5.0.1.2 release"
94284,"LibreOffice","Calc","2015-09-16 17:41:52","5.0.1.2 release"
94305,"LibreOffice","Writer","2015-09-17 09:56:51","5.0.1.2 release"
94309,"LibreOffice","Calc","2015-09-17 12:58:44","5.0.1.2 release"
94319,"LibreOffice","Draw","2015-09-17 18:22:08","5.0.1.2 release"
94336,"LibreOffice","Chart","2015-09-18 10:02:37","5.0.1.2 release"
94340,"LibreOffice","Impress","2015-09-18 14:24:14","5.0.1.2 release"
94363,"LibreOffice","Draw","2015-09-19 18:01:51","5.0.1.2 release"
94370,"LibreOffice","Impress","2015-09-20 03:46:16","5.0.1.2 release"
94373,"LibreOffice","LibreOffice","2015-09-20 09:17:21","5.0.1.2 release"
94390,"LibreOffice","Impress","2015-09-21 01:33:49","5.0.1.2 release"
94423,"LibreOffice","Calc","2015-09-21 20:00:09","5.0.1.2 release"
94430,"LibreOffice","LibreOffice","2015-09-22 07:54:26","5.0.1.2 release"
94436,"LibreOffice","Writer","2015-09-22 09:34:33","5.0.1.2 release"
94448,"LibreOffice","ux-advise","2015-09-22 18:05:18","5.0.1.2 release"
94449,"LibreOffice","Writer","2015-09-22 18:22:52","5.0.1.2 release"
94454,"LibreOffice","Documentation","2015-09-22 21:43:28","5.0.1.2 release"
94455,"LibreOffice","Calc","2015-09-22 21:59:22","5.0.1.2 release"
94457,"LibreOffice","Draw","2015-09-23 00:17:47","5.0.1.2 release"
94459,"LibreOffice","Writer","2015-09-23 07:46:04","5.0.1.2 release"
94466,"LibreOffice","ux-advise","2015-09-23 14:19:49","5.0.1.2 release"
94471,"LibreOffice","Calc","2015-09-23 16:46:25","5.0.1.2 release"
94480,"LibreOffice","Writer","2015-09-24 08:04:03","5.0.1.2 release"
94483,"LibreOffice","Draw","2015-09-24 10:01:39","5.0.1.2 release"
94489,"LibreOffice","LibreOffice","2015-09-24 13:46:02","5.0.1.2 release"
94499,"LibreOffice","Calc","2015-09-25 04:00:40","5.0.1.2 release"
94504,"LibreOffice","Writer","2015-09-25 11:40:24","5.0.1.2 release"
94645,"LibreOffice","Localization","2015-09-30 17:50:56","5.0.1.2 release"
94654,"LibreOffice","Writer","2015-09-30 20:40:08","5.0.1.2 release"
94663,"LibreOffice","Writer","2015-10-01 10:53:21","5.0.1.2 release"
94676,"LibreOffice","ux-advise","2015-10-01 18:42:36","5.0.1.2 release"
94684,"LibreOffice","UI","2015-10-02 00:27:59","5.0.1.2 release"
94738,"LibreOffice","UI","2015-10-03 21:40:39","5.0.1.2 release"
94742,"LibreOffice","Draw","2015-10-03 22:31:36","5.0.1.2 release"
94762,"LibreOffice","Writer","2015-10-04 19:44:00","5.0.1.2 release"
94763,"LibreOffice","Writer","2015-10-04 19:54:27","5.0.1.2 release"
94776,"LibreOffice","Linguistic","2015-10-05 05:12:56","5.0.1.2 release"
94814,"LibreOffice","LibreOffice","2015-10-06 08:41:04","5.0.1.2 release"
94865,"LibreOffice","UI","2015-10-07 15:31:50","5.0.1.2 release"
94918,"LibreOffice","Draw","2015-10-09 16:52:20","5.0.1.2 release"
94985,"LibreOffice","LibreOffice","2015-10-12 15:37:36","5.0.1.2 release"
95021,"LibreOffice","BASIC","2015-10-13 20:22:29","5.0.1.2 release"
95068,"LibreOffice","Writer","2015-10-14 18:36:51","5.0.1.2 release"
95090,"LibreOffice","LibreOffice","2015-10-15 16:20:43","5.0.1.2 release"
95208,"LibreOffice","Impress","2015-10-20 23:01:21","5.0.1.2 release"
95251,"LibreOffice","Printing and PDF export","2015-10-22 10:01:10","5.0.1.2 release"
95292,"LibreOffice","Writer","2015-10-24 10:04:12","5.0.1.2 release"
95350,"LibreOffice","Writer","2015-10-27 05:19:36","5.0.1.2 release"
95414,"LibreOffice","Calc","2015-10-29 13:21:53","5.0.1.2 release"
95415,"LibreOffice","Impress","2015-10-29 14:56:09","5.0.1.2 release"
95430,"LibreOffice","Writer","2015-10-30 05:18:12","5.0.1.2 release"
91666,"LibreOffice","Draw","2015-05-27 14:25:09","5.0.1.2 release"
93317,"LibreOffice","UI","2015-08-10 08:57:31","5.0.1.2 release"
93952,"LibreOffice","Impress","2015-09-05 20:01:03","5.0.1.2 release"
94072,"LibreOffice","Writer","2015-09-09 19:59:28","5.0.1.2 release"
94073,"LibreOffice","Draw","2015-09-09 20:40:48","5.0.1.2 release"
94129,"LibreOffice","LibreOffice","2015-09-11 11:03:40","5.0.1.2 release"
94221,"LibreOffice","Draw","2015-09-14 22:33:32","5.0.1.2 release"
94226,"LibreOffice","Writer","2015-09-15 06:52:58","5.0.1.2 release"
94242,"LibreOffice","filters and storage","2015-09-15 11:18:35","5.0.1.2 release"
94278,"LibreOffice","Calc","2015-09-16 13:29:10","5.0.1.2 release"
94339,"LibreOffice","Writer","2015-09-18 12:49:06","5.0.1.2 release"
94397,"LibreOffice","Writer","2015-09-21 08:35:48","5.0.1.2 release"
94411,"LibreOffice","Writer","2015-09-21 14:19:18","5.0.1.2 release"
94416,"LibreOffice","Writer","2015-09-21 15:38:11","5.0.1.2 release"
94473,"LibreOffice","Documentation","2015-09-23 17:49:48","5.0.1.2 release"
94512,"LibreOffice","UI","2015-09-25 19:08:34","5.0.1.2 release"
94678,"LibreOffice","Writer","2015-10-01 18:52:03","5.0.1.2 release"
94708,"LibreOffice","Draw","2015-10-02 16:43:54","5.0.1.2 release"
94737,"LibreOffice","graphics stack","2015-10-03 20:18:34","5.0.1.2 release"
95278,"LibreOffice","Calc","2015-10-23 15:51:04","5.0.1.2 release"
93827,"LibreOffice","Writer","2015-08-31 22:47:26","5.0.1.2 release"
93863,"LibreOffice","LibreOffice","2015-09-02 17:30:33","5.0.1.2 release"
93935,"LibreOffice","LibreOffice","2015-09-05 03:48:44","5.0.1.2 release"
94427,"LibreOffice","UI","2015-09-22 00:34:48","5.0.1.2 release"
94433,"LibreOffice","Draw","2015-09-22 08:12:43","5.0.1.2 release"
94501,"LibreOffice","Writer","2015-09-25 05:35:47","5.0.1.2 release"
94513,"LibreOffice","Calc","2015-09-25 20:25:25","5.0.1.2 release"
94596,"LibreOffice","Writer","2015-09-29 08:38:01","5.0.1.2 release"
95117,"LibreOffice","Draw","2015-10-16 17:28:23","5.0.1.2 release"
93936,"LibreOffice","Calc","2015-09-05 04:27:23","5.0.1.2 release"
94467,"LibreOffice","LibreOffice","2015-09-23 14:37:48","5.0.1.2 release"
94692,"LibreOffice","Writer","2015-10-02 11:25:57","5.0.1.2 release"
94084,"LibreOffice","UI","2015-09-10 01:36:28","5.0.1.2 release"
94150,"LibreOffice","Writer","2015-09-12 00:43:12","5.0.1.2 release"
94414,"LibreOffice","Calc","2015-09-21 14:58:13","5.0.1.2 release"
94175,"LibreOffice","UI","2015-09-12 22:29:53","5.0.1.2 release"
94008,"LibreOffice","Calc","2015-09-08 04:29:06","5.0.2.1 rc"
94050,"LibreOffice","Printing and PDF export","2015-09-09 09:15:19","5.0.2.1 rc"
86714,"LibreOffice","Writer","2014-11-25 21:02:12","5.0.2.1 rc"
93991,"LibreOffice","graphics stack","2015-09-07 13:45:53","5.0.2.1 rc"
93995,"LibreOffice","graphics stack","2015-09-07 16:13:09","5.0.2.1 rc"
94010,"LibreOffice","Calc","2015-09-08 07:16:16","5.0.2.1 rc"
94025,"LibreOffice","Impress","2015-09-08 12:49:49","5.0.2.1 rc"
94090,"LibreOffice","LibreOffice","2015-09-10 11:37:34","5.0.2.1 rc"
94338,"LibreOffice","LibreOffice","2015-09-18 12:29:49","5.0.2.1 rc"
94698,"LibreOffice","LibreOffice","2015-10-02 13:10:30","5.0.2.1 rc"
94766,"LibreOffice","Writer","2015-10-04 21:03:43","5.0.2.1 rc"
94826,"LibreOffice","Writer","2015-10-06 13:16:22","5.0.2.1 rc"
94860,"LibreOffice","Base","2015-10-07 14:26:35","5.0.2.1 rc"
94879,"LibreOffice","LibreOffice","2015-10-08 11:57:30","5.0.2.1 rc"
94962,"LibreOffice","Calc","2015-10-11 17:05:39","5.0.2.1 rc"
94993,"LibreOffice","Writer","2015-10-12 20:20:00","5.0.2.1 rc"
95083,"LibreOffice","Calc","2015-10-15 10:57:52","5.0.2.1 rc"
95198,"LibreOffice","LibreOffice","2015-10-20 15:19:50","5.0.2.1 rc"
95218,"LibreOffice","Printing and PDF export","2015-10-21 11:31:31","5.0.2.1 rc"
94356,"LibreOffice","Localization","2015-09-19 13:01:15","5.0.2.1 rc"
94721,"LibreOffice","Writer","2015-10-03 06:47:10","5.0.2.1 rc"
53583,"LibreOffice","LibreOffice","2012-08-16 10:03:09","5.0.2.1 rc"
94975,"LibreOffice","Calc","2015-10-12 08:21:58","5.0.2.1 rc"
94689,"LibreOffice","LibreOffice","2015-10-02 08:56:15","5.0.2.2 release"
94924,"LibreOffice","Calc","2015-10-09 21:53:06","5.0.2.2 release"
94815,"LibreOffice","Calc","2015-10-06 09:12:14","5.0.2.2 release"
94816,"LibreOffice","Writer","2015-10-06 09:39:41","5.0.2.2 release"
95220,"LibreOffice","Calc","2015-10-21 12:25:55","5.0.2.2 release"
94516,"LibreOffice","UI","2015-09-26 00:35:16","5.0.2.2 release"
95382,"LibreOffice","Chart","2015-10-28 08:33:47","5.0.2.2 release"
95070,"LibreOffice","Calc","2015-10-14 20:50:07","5.0.2.2 release"
81711,"LibreOffice","Calc","2014-07-24 10:24:18","5.0.2.2 release"
94614,"LibreOffice","Calc","2015-09-29 13:14:58","5.0.2.2 release"
94642,"LibreOffice","Installation","2015-09-30 14:27:02","5.0.2.2 release"
94705,"LibreOffice","Writer","2015-10-02 15:04:08","5.0.2.2 release"
94726,"LibreOffice","LibreOffice","2015-10-03 10:16:40","5.0.2.2 release"
94746,"LibreOffice","Writer","2015-10-04 04:58:28","5.0.2.2 release"
94783,"LibreOffice","Calc","2015-10-05 12:02:47","5.0.2.2 release"
94785,"LibreOffice","Installation","2015-10-05 12:44:43","5.0.2.2 release"
94786,"LibreOffice","Calc","2015-10-05 13:29:32","5.0.2.2 release"
94830,"LibreOffice","Printing and PDF export","2015-10-06 16:37:14","5.0.2.2 release"
94485,"LibreOffice","Calc","2015-09-24 12:20:39","5.0.2.2 release"
94589,"LibreOffice","Printing and PDF export","2015-09-29 00:18:54","5.0.2.2 release"
94711,"LibreOffice","Extensions","2015-10-02 19:30:21","5.0.2.2 release"
94824,"LibreOffice","Calc","2015-10-06 11:56:26","5.0.2.2 release"
94844,"LibreOffice","Calc","2015-10-07 05:58:48","5.0.2.2 release"
95071,"LibreOffice","Writer","2015-10-14 20:51:10","5.0.2.2 release"
95241,"LibreOffice","Writer","2015-10-22 02:43:17","5.0.2.2 release"
95298,"LibreOffice","Impress","2015-10-24 12:35:59","5.0.2.2 release"
94401,"LibreOffice","UI","2015-09-21 09:41:31","5.0.2.2 release"
94410,"LibreOffice","LibreOffice","2015-09-21 13:29:12","5.0.2.2 release"
94426,"LibreOffice","Impress","2015-09-21 21:37:30","5.0.2.2 release"
94446,"LibreOffice","Base","2015-09-22 15:43:35","5.0.2.2 release"
94462,"LibreOffice","UI","2015-09-23 12:16:29","5.0.2.2 release"
94515,"LibreOffice","LibreOffice","2015-09-25 22:21:26","5.0.2.2 release"
94531,"LibreOffice","Writer","2015-09-26 12:29:56","5.0.2.2 release"
94548,"LibreOffice","Writer","2015-09-27 12:31:24","5.0.2.2 release"
94555,"LibreOffice","Base","2015-09-27 21:22:05","5.0.2.2 release"
94556,"LibreOffice","Impress","2015-09-27 22:20:29","5.0.2.2 release"
94566,"LibreOffice","Writer","2015-09-28 09:49:20","5.0.2.2 release"
94593,"LibreOffice","LibreOffice","2015-09-29 05:42:17","5.0.2.2 release"
94621,"LibreOffice","Writer","2015-09-29 15:35:21","5.0.2.2 release"
94641,"LibreOffice","Localization","2015-09-30 13:26:51","5.0.2.2 release"
94643,"LibreOffice","Calc","2015-09-30 14:35:35","5.0.2.2 release"
94648,"LibreOffice","LibreOffice","2015-09-30 18:48:29","5.0.2.2 release"
94650,"LibreOffice","Calc","2015-09-30 20:01:58","5.0.2.2 release"
94651,"LibreOffice","Writer","2015-09-30 20:08:06","5.0.2.2 release"
94656,"LibreOffice","Calc","2015-09-30 22:12:19","5.0.2.2 release"
94670,"LibreOffice","UI","2015-10-01 15:39:06","5.0.2.2 release"
94681,"LibreOffice","Writer","2015-10-01 21:14:05","5.0.2.2 release"
94682,"LibreOffice","Writer","2015-10-01 21:36:27","5.0.2.2 release"
94683,"LibreOffice","Writer","2015-10-01 22:54:32","5.0.2.2 release"
94685,"LibreOffice","Writer","2015-10-02 00:32:16","5.0.2.2 release"
94690,"LibreOffice","Writer","2015-10-02 09:48:29","5.0.2.2 release"
94700,"LibreOffice","Draw","2015-10-02 13:24:01","5.0.2.2 release"
94723,"LibreOffice","Draw","2015-10-03 08:26:00","5.0.2.2 release"
94733,"LibreOffice","Installation","2015-10-03 13:01:00","5.0.2.2 release"
94739,"LibreOffice","Printing and PDF export","2015-10-03 21:42:46","5.0.2.2 release"
94765,"LibreOffice","Writer","2015-10-04 20:51:52","5.0.2.2 release"
94779,"LibreOffice","Calc","2015-10-05 09:24:56","5.0.2.2 release"
94803,"LibreOffice","graphics stack","2015-10-05 20:27:48","5.0.2.2 release"
94817,"LibreOffice","Writer","2015-10-06 09:44:05","5.0.2.2 release"
94821,"LibreOffice","Writer","2015-10-06 10:37:06","5.0.2.2 release"
94851,"LibreOffice","Printing and PDF export","2015-10-07 10:08:09","5.0.2.2 release"
94853,"LibreOffice","Writer","2015-10-07 10:33:10","5.0.2.2 release"
94856,"LibreOffice","LibreOffice","2015-10-07 11:44:38","5.0.2.2 release"
94863,"LibreOffice","Writer","2015-10-07 15:22:47","5.0.2.2 release"
94881,"LibreOffice","Writer","2015-10-08 12:51:55","5.0.2.2 release"
94882,"LibreOffice","Writer","2015-10-08 12:53:31","5.0.2.2 release"
94903,"LibreOffice","LibreOffice","2015-10-09 09:35:17","5.0.2.2 release"
94917,"LibreOffice","Calc","2015-10-09 15:44:55","5.0.2.2 release"
94941,"LibreOffice","Draw","2015-10-10 17:24:04","5.0.2.2 release"
94942,"LibreOffice","UI","2015-10-10 20:44:15","5.0.2.2 release"
94946,"LibreOffice","Writer","2015-10-11 07:00:35","5.0.2.2 release"
94949,"LibreOffice","LibreOffice","2015-10-11 09:58:47","5.0.2.2 release"
94964,"LibreOffice","Writer","2015-10-11 19:15:14","5.0.2.2 release"
94992,"LibreOffice","Writer","2015-10-12 19:32:21","5.0.2.2 release"
94995,"LibreOffice","Printing and PDF export","2015-10-12 20:35:25","5.0.2.2 release"
94998,"LibreOffice","Writer","2015-10-13 03:20:11","5.0.2.2 release"
95006,"LibreOffice","Writer","2015-10-13 10:58:51","5.0.2.2 release"
95011,"LibreOffice","Writer","2015-10-13 13:59:53","5.0.2.2 release"
95015,"LibreOffice","Impress","2015-10-13 16:30:16","5.0.2.2 release"
95023,"LibreOffice","Draw","2015-10-13 21:28:09","5.0.2.2 release"
95028,"LibreOffice","Writer","2015-10-14 01:49:45","5.0.2.2 release"
95042,"LibreOffice","Printing and PDF export","2015-10-14 09:32:22","5.0.2.2 release"
95053,"LibreOffice","Chart","2015-10-14 13:57:45","5.0.2.2 release"
95054,"LibreOffice","Writer","2015-10-14 14:24:50","5.0.2.2 release"
95102,"LibreOffice","Writer","2015-10-16 03:17:33","5.0.2.2 release"
95107,"LibreOffice","Writer","2015-10-16 10:06:16","5.0.2.2 release"
95111,"LibreOffice","Writer","2015-10-16 12:45:08","5.0.2.2 release"
95116,"LibreOffice","LibreOffice","2015-10-16 16:29:35","5.0.2.2 release"
95136,"LibreOffice","LibreOffice","2015-10-17 10:57:49","5.0.2.2 release"
95149,"LibreOffice","Printing and PDF export","2015-10-18 02:20:09","5.0.2.2 release"
95151,"LibreOffice","LibreOffice","2015-10-18 10:23:14","5.0.2.2 release"
95167,"LibreOffice","Writer","2015-10-19 02:20:57","5.0.2.2 release"
95179,"LibreOffice","Calc","2015-10-19 15:47:15","5.0.2.2 release"
95186,"LibreOffice","Calc","2015-10-19 20:03:51","5.0.2.2 release"
95191,"LibreOffice","Base","2015-10-20 08:20:00","5.0.2.2 release"
95195,"LibreOffice","Draw","2015-10-20 11:57:08","5.0.2.2 release"
95197,"LibreOffice","LibreOffice","2015-10-20 14:34:22","5.0.2.2 release"
95199,"LibreOffice","graphics stack","2015-10-20 15:47:38","5.0.2.2 release"
95204,"LibreOffice","LibreOffice","2015-10-20 19:47:01","5.0.2.2 release"
95209,"LibreOffice","graphics stack","2015-10-20 23:09:22","5.0.2.2 release"
95216,"LibreOffice","Documentation","2015-10-21 10:57:51","5.0.2.2 release"
95217,"LibreOffice","Calc","2015-10-21 11:18:11","5.0.2.2 release"
95221,"LibreOffice","Printing and PDF export","2015-10-21 12:30:14","5.0.2.2 release"
95235,"LibreOffice","UI","2015-10-21 20:49:08","5.0.2.2 release"
95245,"LibreOffice","Writer","2015-10-22 07:21:23","5.0.2.2 release"
95247,"LibreOffice","Writer","2015-10-22 07:59:16","5.0.2.2 release"
95253,"LibreOffice","Writer","2015-10-22 11:53:13","5.0.2.2 release"
95283,"LibreOffice","Writer","2015-10-23 21:38:40","5.0.2.2 release"
95284,"LibreOffice","Calc","2015-10-24 00:02:03","5.0.2.2 release"
95288,"LibreOffice","Impress","2015-10-24 08:11:32","5.0.2.2 release"
95293,"LibreOffice","Writer","2015-10-24 10:40:16","5.0.2.2 release"
95300,"LibreOffice","Impress","2015-10-24 13:09:40","5.0.2.2 release"
95304,"LibreOffice","LibreOffice","2015-10-24 17:22:14","5.0.2.2 release"
95311,"LibreOffice","Calc","2015-10-25 00:20:27","5.0.2.2 release"
95314,"LibreOffice","LibreOffice","2015-10-25 13:10:04","5.0.2.2 release"
95320,"LibreOffice","Writer","2015-10-26 02:22:52","5.0.2.2 release"
95325,"LibreOffice","Writer","2015-10-26 09:35:21","5.0.2.2 release"
95335,"LibreOffice","Writer","2015-10-26 19:20:04","5.0.2.2 release"
95336,"LibreOffice","LibreOffice","2015-10-26 19:30:30","5.0.2.2 release"
95340,"LibreOffice","BASIC","2015-10-26 20:14:12","5.0.2.2 release"
95343,"LibreOffice","LibreOffice","2015-10-26 21:43:14","5.0.2.2 release"
95349,"LibreOffice","Writer","2015-10-27 01:47:37","5.0.2.2 release"
95351,"LibreOffice","UI","2015-10-27 06:23:26","5.0.2.2 release"
95353,"LibreOffice","UI","2015-10-27 08:58:22","5.0.2.2 release"
95362,"LibreOffice","LibreOffice","2015-10-27 14:59:38","5.0.2.2 release"
95368,"LibreOffice","Printing and PDF export","2015-10-27 18:10:33","5.0.2.2 release"
95384,"LibreOffice","Writer","2015-10-28 08:58:52","5.0.2.2 release"
95393,"LibreOffice","Writer","2015-10-28 12:00:23","5.0.2.2 release"
95410,"LibreOffice","Writer","2015-10-29 06:01:06","5.0.2.2 release"
95412,"LibreOffice","Base","2015-10-29 11:38:18","5.0.2.2 release"
95425,"LibreOffice","Chart","2015-10-29 22:49:55","5.0.2.2 release"
95431,"LibreOffice","graphics stack","2015-10-30 05:44:26","5.0.2.2 release"
95432,"LibreOffice","Calc","2015-10-30 06:03:49","5.0.2.2 release"
94545,"LibreOffice","Writer","2015-09-27 08:31:15","5.0.2.2 release"
94570,"LibreOffice","Writer","2015-09-28 12:21:59","5.0.2.2 release"
94576,"LibreOffice","LibreOffice","2015-09-28 14:18:16","5.0.2.2 release"
94582,"LibreOffice","Formula Editor","2015-09-28 17:55:05","5.0.2.2 release"
94597,"LibreOffice","Writer","2015-09-29 09:23:17","5.0.2.2 release"
94631,"LibreOffice","UI","2015-09-30 03:55:18","5.0.2.2 release"
94884,"LibreOffice","UI","2015-10-08 14:10:14","5.0.2.2 release"
94893,"LibreOffice","Impress","2015-10-08 20:20:05","5.0.2.2 release"
95072,"LibreOffice","LibreOffice","2015-10-14 21:49:54","5.0.2.2 release"
95080,"LibreOffice","UI","2015-10-15 09:57:46","5.0.2.2 release"
95082,"LibreOffice","UI","2015-10-15 10:48:50","5.0.2.2 release"
95084,"LibreOffice","UI","2015-10-15 11:00:42","5.0.2.2 release"
95085,"LibreOffice","UI","2015-10-15 11:09:25","5.0.2.2 release"
95086,"LibreOffice","UI","2015-10-15 11:23:26","5.0.2.2 release"
95159,"LibreOffice","Writer","2015-10-18 16:47:44","5.0.2.2 release"
95173,"LibreOffice","LibreOffice","2015-10-19 09:48:39","5.0.2.2 release"
95178,"LibreOffice","Writer","2015-10-19 13:47:17","5.0.2.2 release"
95194,"LibreOffice","Writer","2015-10-20 11:34:44","5.0.2.2 release"
95207,"LibreOffice","LibreOffice","2015-10-20 20:51:39","5.0.2.2 release"
95233,"LibreOffice","Calc","2015-10-21 19:34:40","5.0.2.2 release"
95240,"LibreOffice","Printing and PDF export","2015-10-22 02:07:08","5.0.2.2 release"
95266,"LibreOffice","Writer","2015-10-23 05:02:01","5.0.2.2 release"
95267,"LibreOffice","Writer","2015-10-23 05:14:13","5.0.2.2 release"
95269,"LibreOffice","Writer","2015-10-23 06:01:11","5.0.2.2 release"
95285,"LibreOffice","Writer","2015-10-24 01:29:02","5.0.2.2 release"
95409,"LibreOffice","Base","2015-10-29 05:52:50","5.0.2.2 release"
95413,"LibreOffice","Writer","2015-10-29 12:11:52","5.0.2.2 release"
95234,"LibreOffice","UI","2015-10-21 19:43:41","5.0.2.2 release"
90165,"LibreOffice","Installation","2015-03-22 21:50:05","5.0.2.2 release"
94399,"LibreOffice","Linguistic","2015-09-21 08:46:51","5.0.2.2 release"
94699,"LibreOffice","ux-advise","2015-10-02 13:15:32","5.0.2.2 release"
94846,"LibreOffice","ux-advise","2015-10-07 07:27:05","5.0.2.2 release"
95007,"LibreOffice","Calc","2015-10-13 12:11:59","5.0.2.2 release"
95087,"LibreOffice","Calc","2015-10-15 12:10:42","5.0.2.2 release"
95141,"LibreOffice","Draw","2015-10-17 12:01:58","5.0.2.2 release"
95145,"LibreOffice","filters and storage","2015-10-17 15:56:56","5.0.2.2 release"
95171,"LibreOffice","Writer","2015-10-19 08:47:29","5.0.2.2 release"
95261,"LibreOffice","Impress","2015-10-22 15:35:32","5.0.2.2 release"
95329,"LibreOffice","Writer","2015-10-26 11:45:44","5.0.2.2 release"
95417,"LibreOffice","Writer","2015-10-29 16:31:33","5.0.2.2 release"
95076,"LibreOffice","LibreOffice","2015-10-15 03:46:39","5.0.2.2 release"
95420,"LibreOffice","Calc","2015-10-29 17:37:08","5.0.2.2 release"
95427,"LibreOffice","Calc","2015-10-30 00:36:41","5.0.2.2 release"
94669,"LibreOffice","Calc","2015-10-01 14:32:46","5.0.2.2 release"
93509,"LibreOffice","Writer","2015-08-18 12:16:55","5.0.3.1 rc"
95104,"LibreOffice","Writer","2015-10-16 06:53:08","5.0.3.1 rc"
95114,"LibreOffice","filters and storage","2015-10-16 14:38:04","5.0.3.1 rc"
95127,"LibreOffice","Calc","2015-10-17 09:01:57","5.0.3.1 rc"
95174,"LibreOffice","Base","2015-10-19 10:35:09","5.0.3.1 rc"
95257,"LibreOffice","Impress","2015-10-22 15:11:11","5.0.3.1 rc"
95372,"LibreOffice","Writer","2015-10-27 20:15:58","5.0.3.1 rc"
95374,"LibreOffice","Writer","2015-10-27 23:53:00","5.0.3.1 rc"
95379,"LibreOffice","Writer","2015-10-28 06:30:53","5.0.3.1 rc"
95376,"LibreOffice","Writer","2015-10-28 02:35:43","5.0.3.1 rc"
95258,"LibreOffice","Impress","2015-10-22 15:14:07","5.0.3.1 rc"
95259,"LibreOffice","Impress","2015-10-22 15:20:23","5.0.3.1 rc"
92304,"LibreOffice","LibreOffice","2015-06-24 12:20:15","5.1.0.0.alpha0+ Master"
91770,"LibreOffice","LibreOffice","2015-05-31 12:02:24","5.1.0.0.alpha0+ Master"
92687,"LibreOffice","graphics stack","2015-07-11 19:33:00","5.1.0.0.alpha0+ Master"
94843,"LibreOffice","graphics stack","2015-10-07 05:29:36","5.1.0.0.alpha0+ Master"
92257,"LibreOffice","Calc","2015-06-22 15:14:33","5.1.0.0.alpha0+ Master"
92580,"LibreOffice","Base","2015-07-06 19:22:34","5.1.0.0.alpha0+ Master"
94429,"LibreOffice","Calc","2015-09-22 01:31:13","5.1.0.0.alpha0+ Master"
94715,"LibreOffice","Base","2015-10-02 23:07:08","5.1.0.0.alpha0+ Master"
94894,"LibreOffice","Impress","2015-10-08 20:28:49","5.1.0.0.alpha0+ Master"
94898,"LibreOffice","Base","2015-10-08 21:05:29","5.1.0.0.alpha0+ Master"
95128,"LibreOffice","Impress","2015-10-17 09:46:57","5.1.0.0.alpha0+ Master"
95144,"LibreOffice","Calc","2015-10-17 15:51:51","5.1.0.0.alpha0+ Master"
93432,"LibreOffice","Calc","2015-08-14 16:44:35","5.1.0.0.alpha0+ Master"
93745,"LibreOffice","UI","2015-08-28 13:07:41","5.1.0.0.alpha0+ Master"
91925,"LibreOffice","Writer","2015-06-07 23:56:19","5.1.0.0.alpha0+ Master"
94834,"LibreOffice","filters and storage","2015-10-06 18:20:05","5.1.0.0.alpha0+ Master"
91891,"LibreOffice","Impress","2015-06-06 11:21:57","5.1.0.0.alpha0+ Master"
92147,"LibreOffice","LibreOffice","2015-06-18 08:03:06","5.1.0.0.alpha0+ Master"
92198,"LibreOffice","Calc","2015-06-20 05:54:59","5.1.0.0.alpha0+ Master"
92246,"LibreOffice","framework","2015-06-22 10:48:14","5.1.0.0.alpha0+ Master"
92282,"LibreOffice","Impress","2015-06-23 17:15:44","5.1.0.0.alpha0+ Master"
92345,"LibreOffice","LibreOffice","2015-06-26 08:50:22","5.1.0.0.alpha0+ Master"
93047,"LibreOffice","Base","2015-07-31 09:50:41","5.1.0.0.alpha0+ Master"
93135,"LibreOffice","Draw","2015-08-05 11:52:34","5.1.0.0.alpha0+ Master"
93660,"LibreOffice","Writer","2015-08-25 15:40:03","5.1.0.0.alpha0+ Master"
94563,"LibreOffice","LibreOffice","2015-09-28 08:43:57","5.1.0.0.alpha0+ Master"
95294,"LibreOffice","LibreOffice","2015-10-24 11:41:01","5.1.0.0.alpha0+ Master"
91762,"LibreOffice","Impress","2015-05-31 02:23:33","5.1.0.0.alpha0+ Master"
91812,"LibreOffice","Draw","2015-06-02 13:38:58","5.1.0.0.alpha0+ Master"
91838,"LibreOffice","UI","2015-06-03 21:40:41","5.1.0.0.alpha0+ Master"
91839,"LibreOffice","UI","2015-06-03 21:43:50","5.1.0.0.alpha0+ Master"
91841,"LibreOffice","UI","2015-06-03 21:50:20","5.1.0.0.alpha0+ Master"
91843,"LibreOffice","Impress","2015-06-03 22:26:13","5.1.0.0.alpha0+ Master"
91895,"LibreOffice","Impress","2015-06-06 12:17:21","5.1.0.0.alpha0+ Master"
91910,"LibreOffice","Calc","2015-06-07 01:58:56","5.1.0.0.alpha0+ Master"
92076,"LibreOffice","filters and storage","2015-06-15 02:43:07","5.1.0.0.alpha0+ Master"
92077,"LibreOffice","filters and storage","2015-06-15 03:15:21","5.1.0.0.alpha0+ Master"
92126,"LibreOffice","Writer","2015-06-16 23:24:45","5.1.0.0.alpha0+ Master"
92135,"LibreOffice","Writer","2015-06-17 11:24:04","5.1.0.0.alpha0+ Master"
92206,"LibreOffice","Impress","2015-06-20 09:55:17","5.1.0.0.alpha0+ Master"
92287,"LibreOffice","UI","2015-06-23 22:21:51","5.1.0.0.alpha0+ Master"
92353,"LibreOffice","Writer","2015-06-26 13:40:33","5.1.0.0.alpha0+ Master"
92516,"LibreOffice","UI","2015-07-03 03:04:02","5.1.0.0.alpha0+ Master"
92517,"LibreOffice","LibreOffice","2015-07-03 06:25:12","5.1.0.0.alpha0+ Master"
92776,"LibreOffice","UI","2015-07-15 21:26:50","5.1.0.0.alpha0+ Master"
92825,"LibreOffice","Documentation","2015-07-19 13:47:18","5.1.0.0.alpha0+ Master"
92848,"LibreOffice","Impress","2015-07-21 01:46:47","5.1.0.0.alpha0+ Master"
92866,"LibreOffice","UI","2015-07-22 07:10:31","5.1.0.0.alpha0+ Master"
92906,"LibreOffice","Formula Editor","2015-07-24 05:17:38","5.1.0.0.alpha0+ Master"
92909,"LibreOffice","Base","2015-07-24 07:47:58","5.1.0.0.alpha0+ Master"
92964,"LibreOffice","BASIC","2015-07-27 22:11:37","5.1.0.0.alpha0+ Master"
93038,"LibreOffice","UI","2015-07-30 21:19:08","5.1.0.0.alpha0+ Master"
93052,"LibreOffice","Calc","2015-07-31 13:30:27","5.1.0.0.alpha0+ Master"
93054,"LibreOffice","Calc","2015-07-31 17:39:13","5.1.0.0.alpha0+ Master"
93062,"LibreOffice","LibreOffice","2015-08-01 14:39:04","5.1.0.0.alpha0+ Master"
93108,"LibreOffice","Documentation","2015-08-03 20:50:40","5.1.0.0.alpha0+ Master"
93121,"LibreOffice","filters and storage","2015-08-04 14:49:54","5.1.0.0.alpha0+ Master"
93238,"LibreOffice","LibreOffice","2015-08-07 13:42:06","5.1.0.0.alpha0+ Master"
93240,"LibreOffice","LibreOffice","2015-08-07 13:54:47","5.1.0.0.alpha0+ Master"
93254,"LibreOffice","LibreOffice","2015-08-07 19:21:16","5.1.0.0.alpha0+ Master"
93255,"LibreOffice","LibreOffice","2015-08-07 21:08:47","5.1.0.0.alpha0+ Master"
93283,"LibreOffice","Writer","2015-08-08 17:55:35","5.1.0.0.alpha0+ Master"
93299,"LibreOffice","Documentation","2015-08-09 13:03:26","5.1.0.0.alpha0+ Master"
93307,"LibreOffice","UI","2015-08-09 18:59:50","5.1.0.0.alpha0+ Master"
93418,"LibreOffice","LibreOffice","2015-08-13 21:48:44","5.1.0.0.alpha0+ Master"
93431,"LibreOffice","Calc","2015-08-14 16:41:14","5.1.0.0.alpha0+ Master"
93648,"LibreOffice","graphics stack","2015-08-25 07:47:33","5.1.0.0.alpha0+ Master"
93740,"LibreOffice","Impress","2015-08-28 11:34:32","5.1.0.0.alpha0+ Master"
93819,"LibreOffice","Calc","2015-08-31 19:13:16","5.1.0.0.alpha0+ Master"
93835,"LibreOffice","LibreOffice","2015-09-01 11:43:30","5.1.0.0.alpha0+ Master"
93953,"LibreOffice","LibreOffice","2015-09-05 20:36:38","5.1.0.0.alpha0+ Master"
93976,"LibreOffice","LibreOffice","2015-09-07 02:55:48","5.1.0.0.alpha0+ Master"
93978,"LibreOffice","graphics stack","2015-09-07 05:42:01","5.1.0.0.alpha0+ Master"
94002,"LibreOffice","LibreOffice","2015-09-07 19:27:41","5.1.0.0.alpha0+ Master"
94007,"LibreOffice","Calc","2015-09-08 02:46:53","5.1.0.0.alpha0+ Master"
94057,"LibreOffice","Documentation","2015-09-09 14:12:09","5.1.0.0.alpha0+ Master"
94059,"LibreOffice","Documentation","2015-09-09 14:34:07","5.1.0.0.alpha0+ Master"
94070,"LibreOffice","Writer","2015-09-09 18:54:50","5.1.0.0.alpha0+ Master"
94125,"LibreOffice","Calc","2015-09-11 08:59:12","5.1.0.0.alpha0+ Master"
94133,"LibreOffice","Documentation","2015-09-11 13:57:06","5.1.0.0.alpha0+ Master"
94164,"LibreOffice","Writer","2015-09-12 15:26:55","5.1.0.0.alpha0+ Master"
94165,"LibreOffice","Writer","2015-09-12 15:37:40","5.1.0.0.alpha0+ Master"
94272,"LibreOffice","Impress","2015-09-16 12:02:48","5.1.0.0.alpha0+ Master"
94288,"LibreOffice","Chart","2015-09-16 21:16:07","5.1.0.0.alpha0+ Master"
94294,"LibreOffice","Chart","2015-09-16 23:05:59","5.1.0.0.alpha0+ Master"
94300,"LibreOffice","Chart","2015-09-17 03:52:46","5.1.0.0.alpha0+ Master"
94322,"LibreOffice","Chart","2015-09-17 18:37:57","5.1.0.0.alpha0+ Master"
94323,"LibreOffice","Writer","2015-09-17 18:47:43","5.1.0.0.alpha0+ Master"
94330,"LibreOffice","Documentation","2015-09-18 02:29:38","5.1.0.0.alpha0+ Master"
94422,"LibreOffice","UI","2015-09-21 19:49:06","5.1.0.0.alpha0+ Master"
94438,"LibreOffice","Documentation","2015-09-22 10:03:15","5.1.0.0.alpha0+ Master"
94546,"LibreOffice","LibreOffice","2015-09-27 11:09:54","5.1.0.0.alpha0+ Master"
94559,"LibreOffice","LibreOffice","2015-09-28 06:26:08","5.1.0.0.alpha0+ Master"
94562,"LibreOffice","Writer","2015-09-28 08:20:35","5.1.0.0.alpha0+ Master"
94587,"LibreOffice","LibreOffice","2015-09-28 23:22:00","5.1.0.0.alpha0+ Master"
94588,"LibreOffice","LibreOffice","2015-09-28 23:49:12","5.1.0.0.alpha0+ Master"
94591,"LibreOffice","LibreOffice","2015-09-29 03:42:37","5.1.0.0.alpha0+ Master"
94612,"LibreOffice","Documentation","2015-09-29 12:35:02","5.1.0.0.alpha0+ Master"
94632,"LibreOffice","UI","2015-09-30 07:42:26","5.1.0.0.alpha0+ Master"
94667,"LibreOffice","Documentation","2015-10-01 12:28:12","5.1.0.0.alpha0+ Master"
94691,"LibreOffice","graphics stack","2015-10-02 11:04:43","5.1.0.0.alpha0+ Master"
94773,"LibreOffice","LibreOffice","2015-10-05 03:14:22","5.1.0.0.alpha0+ Master"
94774,"LibreOffice","LibreOffice","2015-10-05 03:30:24","5.1.0.0.alpha0+ Master"
94871,"LibreOffice","Documentation","2015-10-07 21:49:08","5.1.0.0.alpha0+ Master"
94878,"LibreOffice","UI","2015-10-08 11:52:15","5.1.0.0.alpha0+ Master"
94899,"LibreOffice","UI","2015-10-08 21:19:35","5.1.0.0.alpha0+ Master"
94968,"LibreOffice","LibreOffice","2015-10-11 22:37:02","5.1.0.0.alpha0+ Master"
95044,"LibreOffice","Chart","2015-10-14 10:25:12","5.1.0.0.alpha0+ Master"
95056,"LibreOffice","Chart","2015-10-14 14:54:35","5.1.0.0.alpha0+ Master"
95059,"LibreOffice","Chart","2015-10-14 15:53:53","5.1.0.0.alpha0+ Master"
95069,"LibreOffice","Chart","2015-10-14 19:04:33","5.1.0.0.alpha0+ Master"
95077,"LibreOffice","BASIC","2015-10-15 07:07:07","5.1.0.0.alpha0+ Master"
95093,"LibreOffice","Documentation","2015-10-15 17:15:12","5.1.0.0.alpha0+ Master"
95096,"LibreOffice","Writer","2015-10-15 19:04:55","5.1.0.0.alpha0+ Master"
95132,"LibreOffice","LibreOffice","2015-10-17 10:13:33","5.1.0.0.alpha0+ Master"
95140,"LibreOffice","Writer","2015-10-17 11:34:47","5.1.0.0.alpha0+ Master"
95165,"LibreOffice","UI","2015-10-19 00:41:39","5.1.0.0.alpha0+ Master"
95168,"LibreOffice","filters and storage","2015-10-19 02:50:32","5.1.0.0.alpha0+ Master"
95210,"LibreOffice","LibreOffice","2015-10-20 23:48:07","5.1.0.0.alpha0+ Master"
95321,"LibreOffice","Writer","2015-10-26 04:17:09","5.1.0.0.alpha0+ Master"
95324,"LibreOffice","Chart","2015-10-26 09:22:23","5.1.0.0.alpha0+ Master"
91894,"LibreOffice","Impress","2015-06-06 12:09:50","5.1.0.0.alpha0+ Master"
92476,"LibreOffice","Documentation","2015-07-01 11:02:06","5.1.0.0.alpha0+ Master"
92844,"LibreOffice","Writer","2015-07-20 15:42:47","5.1.0.0.alpha0+ Master"
93840,"LibreOffice","Draw","2015-09-01 15:06:12","5.1.0.0.alpha0+ Master"
94419,"LibreOffice","ux-advise","2015-09-21 19:14:07","5.1.0.0.alpha0+ Master"
95342,"LibreOffice","LibreOffice","2015-10-26 21:33:23","5.1.0.0.alpha0+ Master"
91742,"LibreOffice","UI","2015-05-30 08:42:46","5.1.0.0.alpha0+ Master"
91781,"LibreOffice","ux-advise","2015-05-31 17:21:45","5.1.0.0.alpha0+ Master"
91820,"LibreOffice","ux-advise","2015-06-02 21:22:34","5.1.0.0.alpha0+ Master"
91857,"LibreOffice","ux-advise","2015-06-04 13:54:00","5.1.0.0.alpha0+ Master"
91892,"LibreOffice","Impress","2015-06-06 12:00:20","5.1.0.0.alpha0+ Master"
91893,"LibreOffice","Impress","2015-06-06 12:03:02","5.1.0.0.alpha0+ Master"
91909,"LibreOffice","Impress","2015-06-07 00:21:56","5.1.0.0.alpha0+ Master"
91923,"LibreOffice","ux-advise","2015-06-07 15:43:27","5.1.0.0.alpha0+ Master"
91983,"LibreOffice","ux-advise","2015-06-10 12:17:55","5.1.0.0.alpha0+ Master"
92051,"LibreOffice","Writer","2015-06-13 21:13:17","5.1.0.0.alpha0+ Master"
92087,"LibreOffice","UI","2015-06-15 12:35:58","5.1.0.0.alpha0+ Master"
92218,"LibreOffice","UI","2015-06-20 22:57:24","5.1.0.0.alpha0+ Master"
92219,"LibreOffice","Calc","2015-06-21 00:41:17","5.1.0.0.alpha0+ Master"
92220,"LibreOffice","ux-advise","2015-06-21 02:48:10","5.1.0.0.alpha0+ Master"
92378,"LibreOffice","Chart","2015-06-27 11:04:25","5.1.0.0.alpha0+ Master"
92406,"LibreOffice","ux-advise","2015-06-28 13:48:46","5.1.0.0.alpha0+ Master"
92439,"LibreOffice","Calc","2015-06-30 01:52:52","5.1.0.0.alpha0+ Master"
92452,"LibreOffice","Calc","2015-06-30 11:52:48","5.1.0.0.alpha0+ Master"
92453,"LibreOffice","Calc","2015-06-30 11:59:35","5.1.0.0.alpha0+ Master"
93243,"LibreOffice","LibreOffice","2015-08-07 14:10:09","5.1.0.0.alpha0+ Master"
93308,"LibreOffice","UI","2015-08-09 19:04:09","5.1.0.0.alpha0+ Master"
93805,"LibreOffice","UI","2015-08-31 13:17:33","5.1.0.0.alpha0+ Master"
93844,"LibreOffice","Calc","2015-09-02 00:03:12","5.1.0.0.alpha0+ Master"
93845,"LibreOffice","UI","2015-09-02 00:15:39","5.1.0.0.alpha0+ Master"
93853,"LibreOffice","Writer","2015-09-02 10:25:08","5.1.0.0.alpha0+ Master"
94321,"LibreOffice","Chart","2015-09-17 18:31:59","5.1.0.0.alpha0+ Master"
94349,"LibreOffice","ux-advise","2015-09-18 23:01:46","5.1.0.0.alpha0+ Master"
94369,"LibreOffice","ux-advise","2015-09-20 03:45:27","5.1.0.0.alpha0+ Master"
94488,"LibreOffice","Documentation","2015-09-24 13:20:44","5.1.0.0.alpha0+ Master"
94551,"LibreOffice","LibreOffice","2015-09-27 15:05:00","5.1.0.0.alpha0+ Master"
94586,"LibreOffice","UI","2015-09-28 22:54:49","5.1.0.0.alpha0+ Master"
94760,"LibreOffice","ux-advise","2015-10-04 19:11:05","5.1.0.0.alpha0+ Master"
94781,"LibreOffice","ux-advise","2015-10-05 10:20:31","5.1.0.0.alpha0+ Master"
94935,"LibreOffice","Chart","2015-10-10 13:07:08","5.1.0.0.alpha0+ Master"
95014,"LibreOffice","UI","2015-10-13 15:11:16","5.1.0.0.alpha0+ Master"
95064,"LibreOffice","Documentation","2015-10-14 17:05:26","5.1.0.0.alpha0+ Master"
95130,"LibreOffice","Writer","2015-10-17 09:58:09","5.1.0.0.alpha0+ Master"
95133,"LibreOffice","Writer","2015-10-17 10:39:27","5.1.0.0.alpha0+ Master"
95134,"LibreOffice","Writer","2015-10-17 10:45:06","5.1.0.0.alpha0+ Master"
94289,"LibreOffice","Chart","2015-09-16 21:29:33","5.1.0.0.alpha0+ Master"
95386,"LibreOffice","LibreOffice","2015-10-28 09:21:20","5.1.0.0.alpha0+ Master"
94191,"LibreOffice","Documentation","2015-09-13 16:07:42","5.1.0.0.alpha0+ Master"
92884,"LibreOffice","Calc","2015-07-23 04:39:33","5.1.0.0.alpha0+ Master"
95222,"LibreOffice","graphics stack","2015-10-21 12:58:21","5.1.0.0.alpha1"
95277,"LibreOffice","Printing and PDF export","2015-10-23 13:45:00","5.1.0.0.alpha1"
95296,"LibreOffice","Chart","2015-10-24 12:03:34","5.1.0.0.alpha1"
95301,"LibreOffice","Chart","2015-10-24 13:12:37","5.1.0.0.alpha1"
95341,"LibreOffice","graphics stack","2015-10-26 20:33:42","5.1.0.0.alpha1"
95347,"LibreOffice","UI","2015-10-27 00:07:21","5.1.0.0.alpha1"
95354,"LibreOffice","Writer","2015-10-27 09:27:24","5.1.0.0.alpha1"
95360,"LibreOffice","UI","2015-10-27 12:29:26","5.1.0.0.alpha1"
95280,"LibreOffice","Writer","2015-10-23 16:39:26","5.1.0.0.alpha1"
95337,"LibreOffice","ux-advise","2015-10-26 19:46:03","5.1.0.0.alpha1"
95403,"LibreOffice","Writer","2015-10-28 22:00:59","5.1.0.0.alpha1"
